Mask Number,Area (px^2),Center X (px),Center Y (px),DAPI - Clean Intensity (Magnitude/px^2),DAPI - Clean Standard Deviation (Magnitude),DAPI - Clean Background Intensity (Magnitude/px^2),FITC - Clean Intensity (Magnitude/px^2),FITC - Clean Standard Deviation (Magnitude),FITC - Clean Background Intensity (Magnitude/px^2),Alexa 594 Clean (620-60) Intensity (Magnitude/px^2),Alexa 594 Clean (620-60) Standard Deviation (Magnitude),Alexa 594 Clean (620-60) Background Intensity (Magnitude/px^2)
1,112,242.0,4.0,1958.205357142857,802.7641114983786,186.0,2528.9375,1041.923345222584,90.0,3893.0625,1125.8580013935155,112.0
2,98,694.5,2.5,407.1020408163265,88.45308498415868,201.01020408163265,550.9183673469388,129.85429371917968,95.0,818.2448979591836,148.72974599868988,110.0
3,322,1122.0,45.0,620.1552795031056,141.61384284757872,215.0,807.0310559006211,178.1049752536312,89.0,1183.142857142857,251.4649503863475,104.2639751552795
4,271,497.0,50.5,603.7564575645756,233.87559154229095,210.56457564575646,559.5977859778598,209.7107810742778,88.0,1019.7712177121771,271.252211566326,117.0
5,163,98.0,59.5,722.8834355828221,176.50483127854363,198.82208588957056,932.0858895705521,167.90092606208654,103.0,1176.0920245398772,206.82970897877877,137.0
6,193,1796.5,57.5,973.7098445595855,267.73651684942644,194.0,869.9740932642487,214.15700615127858,87.27461139896373,1467.259067357513,381.6601417289242,108.0
7,492,465.5,64.5,554.9146341463414,134.4551228869245,211.0,673.040650406504,175.98706897386512,94.0,1021.020325203252,242.94907312412124,117.0
8,333,101.5,64.5,722.2702702702703,163.1052738216048,199.0,1183.5945945945946,253.9558605886467,103.0,1615.1591591591591,339.23083872410473,137.0
9,204,344.0,67.0,2621.514705882353,544.5039725634257,202.0,3808.642156862745,838.6800762700105,93.0,5167.245098039216,805.0949206501305,124.0
10,300,98.0,68.0,726.3566666666667,189.43219890547329,199.62,1160.8233333333333,282.8898744371842,103.0,1588.34,365.7419330694133,137.0
11,285,1222.5,73.5,393.10877192982457,68.31033236113956,219.01052631578946,607.0561403508772,122.67280283531954,96.0,629.978947368421,92.07754451066458,114.0
12,254,382.5,73.5,1034.5944881889764,316.4655426002876,202.10629921259843,1212.7204724409448,331.6274348536351,94.0,1980.5944881889764,437.1137876671354,124.0
13,128,1238.5,80.5,279.4609375,50.76980663008191,219.078125,365.4375,56.35835146211749,96.0,421.6875,50.08288405823444,114.0
14,187,149.5,89.5,665.7219251336899,155.5125680380184,199.0,778.6951871657755,193.3927368740533,102.18716577540107,1176.9411764705883,257.8719398876197,136.99465240641712
15,186,83.5,92.5,510.7096774193548,106.75448778668786,204.86559139784947,927.6075268817204,203.04168590048215,103.0,972.4032258064516,183.45941090333147,137.0
16,259,92.5,82.0,553.6100386100386,90.33378272792777,205.8108108108108,878.03861003861,188.04681107280092,103.0,1125.2857142857142,188.72968710599648,137.0
17,455,671.5,92.5,476.389010989011,150.535784270505,219.0,502.7692307692308,157.5348137821342,85.0,803.4439560439561,257.6523642330649,119.22417582417583
18,138,1229.5,99.5,334.1231884057971,58.172717022830014,220.0,541.9492753623189,108.29416025555793,96.0,611.0,103.67411040314364,113.0
19,282,461.5,99.5,1001.918439716312,337.65730023054493,211.0,1190.0035460992908,465.06229252697005,94.0,1875.9397163120568,556.5838736907385,117.0
20,313,1579.5,106.5,757.1150159744409,219.56766858510923,205.0,1156.5335463258787,374.60615171548966,93.0,1384.85303514377,358.08568323410077,113.95527156549521
21,98,4.5,115.5,531.6020408163265,106.4236563690958,195.0,651.4285714285714,144.87890428636078,92.0,998.8367346938776,175.4147776091308,136.0
22,111,55.5,119.5,400.77477477477476,56.70909574064412,205.18018018018017,477.0,73.64336667036247,103.0,776.1171171171171,113.59951494284553,137.0
23,341,652.5,119.5,680.7947214076246,253.9167396567956,219.0,1008.4281524926686,370.2508985957876,85.71260997067449,1217.6275659824048,353.2161465435266,120.92375366568915
24,220,184.5,124.5,777.5636363636364,205.42798746124777,207.0,1136.7454545454545,313.6052818596887,101.0,1354.5590909090909,310.7062674298256,136.0
25,203,194.0,123.5,735.0837438423646,181.41361275506577,207.0,1119.7339901477833,292.43281055728943,101.0,1362.4039408866995,316.58001410532415,136.0
26,312,43.5,135.0,563.2051282051282,114.99138611378399,204.1602564102564,760.0705128205128,184.65821777374555,104.34615384615384,1134.5,193.71434533463037,137.0
27,256,87.5,128.0,815.171875,220.91839001997914,206.0,1346.5078125,413.48081485414883,103.0,1701.5546875,449.9502684257143,137.0
28,429,128.0,142.5,817.7529137529137,217.02165041688284,206.0,1446.3799533799533,410.005496508629,103.0,1747.1724941724942,456.5016128259462,137.0
29,173,168.5,147.5,757.4393063583815,176.3497880587138,207.0,1712.8150289017342,413.4593008915739,101.0,1529.6763005780347,310.6903404239442,136.29479768786126
30,226,41.5,135.0,754.3893805309734,164.53627407573592,203.21238938053096,597.0929203539823,140.0927795533703,108.97787610619469,1191.3230088495575,223.30642047150252,138.36283185840708
31,229,207.5,144.0,610.4497816593887,173.14389959527128,207.0,525.5371179039302,145.16020995718827,101.0,978.7336244541485,211.00356227860667,135.26637554585153
32,157,66.5,154.5,373.9936305732484,67.7142844468189,206.0,547.6624203821656,138.93793828218483,106.67515923566879,726.3375796178344,132.83919110753502,137.0
33,448,129.5,142.5,764.8928571428571,228.13189823295443,206.50223214285714,971.2991071428571,225.0224145914186,101.83928571428571,1365.9888392857142,310.0501545059511,137.0
34,191,172.5,147.5,741.8010471204188,162.94862670874576,207.0,1460.2251308900525,356.0627038167924,101.0,1576.7225130890051,347.5667924692106,136.00523560209425
35,291,576.5,158.0,1436.0034364261169,468.2181299667171,216.94158075601374,2345.5635738831616,772.9957745655202,92.0,2715.9450171821304,760.110584332794,116.0
36,178,13.5,161.5,282.9550561797753,47.816483013046245,208.0,529.6910112359551,72.47840144351818,109.0,571.8651685393259,75.32306179830981,139.0
37,233,48.5,165.0,532.0085836909872,118.3618790352759,206.93991416309012,841.8326180257511,217.2241261933029,109.0,1103.2961373390558,226.64369506094278,139.0
38,224,59.5,163.5,333.6517857142857,47.3279200338885,206.0,492.79017857142856,84.48374318617896,109.0,657.1071428571429,93.50982367451405,138.125
39,174,105.0,168.5,281.51149425287355,54.228241528351155,206.0,336.0919540229885,63.61065315655589,102.82758620689656,494.47701149425285,74.37785922209854,137.0
40,295,735.5,181.0,493.11186440677966,114.1538124022494,228.0,521.6372881355932,125.79732362843241,98.0,769.7694915254237,177.75472596665898,118.0
41,341,1445.0,181.0,1503.6275659824048,375.5644994376889,224.71847507331378,2131.1114369501465,394.65322740125055,90.1466275659824,2963.131964809384,640.4544688357761,120.0
42,148,947.5,188.0,943.75,172.45671348837334,237.0,939.8445945945946,192.15019326897357,93.02702702702703,1408.054054054054,255.65415051848922,119.0
43,671,712.5,205.5,468.2876304023845,132.8925134473226,228.0,587.9627421758569,157.62362155612752,98.0,775.9403874813711,202.41455767177817,118.36214605067065
44,367,733.5,181.0,773.2397820163487,189.01316127290875,228.0,1037.1389645776567,266.73236167970134,98.0,1358.2506811989101,356.6820572901084,118.0
45,334,339.5,191.5,317.311377245509,53.263231427707446,223.0,463.1137724550898,57.47514612736953,104.0,654.5359281437126,87.39443342444882,123.0
46,197,947.5,189.5,1110.1319796954315,256.2233019295338,237.0,1072.3197969543148,289.46871506959144,92.0,1516.1015228426395,346.055483707153,119.0
47,673,917.5,193.5,1225.4962852897474,434.62394500589795,237.0,1280.3580980683507,492.9289627814118,96.0,1963.670133729569,655.6003595960816,119.0
48,332,55.5,202.5,1031.5,329.1639092520299,208.8132530120482,1337.394578313253,468.0911785010009,115.0,2046.487951807229,586.423057933051,148.98192771084337
49,253,311.5,205.5,372.32411067193675,77.94782094057881,223.0,571.3517786561265,102.85302527554433,104.0,818.5533596837945,162.63912883665805,123.0
50,511,724.5,200.5,1090.0704500978475,361.25503311181785,229.2954990215264,1435.3874755381605,514.5812027991336,98.0,2021.9060665362035,694.1946462235773,118.0
51,92,717.5,212.5,393.0217391304348,57.18006612253397,229.7608695652174,393.3804347826087,52.596712050186234,98.0,570.7608695652174,67.29635451570667,118.0
52,200,366.5,212.5,693.065,196.86554035660873,223.0,536.07,159.31784576719423,104.0,974.575,221.63600104630783,123.0
53,243,1466.5,218.0,2011.8930041152264,440.19629927227254,225.0,2818.6748971193415,518.5279120011438,90.0,3966.534979423868,804.7078276125883,120.0
54,340,32.5,230.5,779.1941176470589,232.29483089571985,243.87941176470588,977.5529411764705,311.8418783149082,129.37058823529412,1436.1558823529413,409.06251816880706,165.0264705882353
55,268,327.5,234.0,1868.0485074626865,565.3576852267556,223.0,2058.3171641791046,628.0215651520639,104.0,3067.082089552239,806.2353681720356,123.0
56,150,1291.5,255.0,2146.4266666666667,252.51596658048396,250.0,2425.733333333333,325.5242888630908,96.0,3515.1066666666666,359.8965389486314,132.0
57,359,19.0,257.0,720.7465181058495,170.30357329143547,251.0,784.6155988857938,134.86292391764013,131.0,1258.7353760445683,223.77422693173233,167.0
58,182,82.0,256.5,342.6703296703297,79.99199613898608,232.95604395604394,494.04395604395603,105.92084108676842,117.85714285714286,713.6043956043956,134.16732186644794,155.23076923076923
59,503,198.5,255.0,350.60636182902584,84.68709760807239,221.62226640159045,580.8071570576541,124.76947902785216,99.0,685.2246520874752,141.8160781735067,121.05367793240556
60,603,29.5,272.5,542.8971807628524,162.21559638224258,251.0,1076.4908789386402,256.12386272310295,131.0,1047.7230514096186,251.5730468927448,166.9900497512438
61,178,99.5,271.0,355.5449438202247,53.230133582241436,253.98876404494382,525.1404494382023,48.2345662657778,125.84269662921348,748.6797752808989,75.27248982359365,161.63483146067415
62,271,66.5,279.5,591.4428044280443,156.64102465650362,237.74538745387454,895.9372693726938,241.88743887877018,118.74169741697418,1121.6236162361624,249.97334382968307,156.68634686346863
63,496,603.0,283.5,1637.6814516129032,497.61721459503735,233.0,2088.5866935483873,595.7586696549577,100.92338709677419,2995.3709677419356,750.7525971349813,122.13306451612904
64,95,1323.0,284.0,4609.042105263158,660.2392202796804,250.0,4719.168421052632,676.4288525847948,96.0,7076.147368421052,906.6799027973535,132.0
65,181,110.5,285.5,721.6519337016574,154.19725951994826,258.0,1067.6298342541436,232.5018781154134,126.0,1334.9668508287293,211.91205986741255,163.0
66,201,664.5,288.5,388.0696517412935,87.35888692272876,265.99004975124376,624.9353233830846,149.86964601285985,110.0,737.1492537313433,155.0624313363501,134.0
67,217,13.5,281.5,380.2718894009217,73.70338949330981,251.0,531.9585253456221,92.0411197038248,131.0,803.0184331797235,131.14894568749347,167.0
68,345,87.5,294.0,905.895652173913,238.40319230902605,257.8695652173913,1407.3188405797102,369.6446869045886,126.0,1806.3826086956522,425.139667528173,163.0
69,285,1814.0,292.5,602.5824561403509,112.48419783041425,211.0,578.9859649122807,138.98566072379458,96.0,955.6280701754386,222.75029105937733,115.1719298245614
70,378,147.5,295.5,1461.5079365079366,357.12976962252515,257.34656084656086,2341.362433862434,587.6776741247006,125.79629629629629,2929.830687830688,607.9691923910353,162.61111111111111
71,280,248.0,297.5,1585.057142857143,390.82603948401476,222.0,1478.9535714285714,379.17418471302943,105.0,2434.2535714285714,549.6400092534617,122.0
72,229,1284.5,285.0,2590.825327510917,867.5264468720076,250.0,2728.187772925764,850.850366495562,96.0,4136.270742358079,1245.873770770083,132.0
73,200,705.5,304.5,420.29,72.74658913760686,266.0,625.295,131.84084350107656,110.0,719.72,143.36106015176924,134.0
74,196,108.5,308.0,840.9744897959183,166.83639879018247,258.0,1367.5561224489795,308.1385833966722,126.0,1575.2908163265306,240.771030963289,163.0
75,189,705.5,306.5,337.75132275132273,82.74510052247845,265.8095238095238,510.1216931216931,130.54505623636774,110.0,551.4338624338625,127.5155898537387,134.0
76,290,168.5,308.0,1252.551724137931,330.5471385599426,248.91724137931035,1917.6896551724137,495.5913809254878,120.0551724137931,2278.851724137931,518.887213058782,156.91724137931035
77,361,267.5,301.0,1039.5540166204987,291.95148568001207,222.0,1389.027700831025,359.72483976178745,105.0,1972.2603878116342,452.6713473111768,121.31301939058172
78,201,694.5,306.5,560.3134328358209,118.33987607166367,266.0,707.4477611940298,154.5385664080739,110.0,894.6268656716418,178.4467569742495,134.0
79,273,110.5,309.5,499.3369963369963,74.4480917746454,258.0,686.7032967032967,116.53964496850811,126.0,988.4029304029305,146.41760980827888,163.0
80,308,237.5,315.5,744.2792207792207,221.40829961148734,222.0,673.8474025974026,196.83871130153014,105.0,1141.3668831168832,233.73068066069152,122.4090909090909
81,179,151.0,318.5,1053.3296089385474,232.73459293280627,258.0,1201.1787709497207,277.0413334606809,126.0,1798.8826815642458,286.9247692997462,163.0
82,240,142.5,320.5,1400.1666666666667,347.458828320657,258.0,1908.0625,574.2909838685608,126.0,2617.2916666666665,696.0993700504681,163.0
83,139,1842.5,322.5,195.05755395683454,35.742592175481505,211.0,347.45323741007195,58.02750759763818,87.0,340.62589928057554,53.861641506881966,113.0
84,330,650.5,322.5,474.7818181818182,122.2315841128588,266.0,670.5363636363636,165.32868674706364,110.0,930.4242424242424,244.73323114304705,134.0
85,135,85.5,327.5,404.9037037037037,42.867354254806486,258.0,637.5111111111111,47.493419287538075,126.0,732.6370370370371,64.55538029849806,163.0
86,302,691.5,341.5,672.6788079470199,136.2208955091881,266.0,787.6887417218543,197.3724470711736,110.0,1176.9834437086092,262.6745324997875,134.0
87,220,78.5,334.5,733.7045454545455,191.616719266697,253.27272727272728,981.8909090909091,290.9523441796691,124.14545454545454,1405.1,325.7707530789771,155.64545454545456
88,129,6.5,347.0,308.2248062015504,39.180320377007654,216.0,470.06976744186045,64.18189313955102,115.0,540.7441860465116,65.76939816864004,143.0
89,239,122.5,348.5,373.0083682008368,72.68077963257075,258.0,468.4853556485356,89.48005032682217,126.0,737.0585774058577,129.72801508852308,163.0
90,135,700.0,354.0,896.9407407407407,131.0688985367097,266.0,372.64444444444445,70.26436929226503,110.0,892.7555555555556,123.79397103123237,134.0
91,140,23.5,352.5,240.56428571428572,42.916551235970985,221.68571428571428,408.00714285714287,61.93515946043504,115.0,492.62142857142857,61.66683143038831,143.0
92,476,121.0,352.5,384.4033613445378,76.65807273205715,256.109243697479,591.9411764705883,92.59233062409909,124.63025210084034,754.8760504201681,126.01436582243758,158.5924369747899
93,332,705.5,362.5,861.0602409638554,202.85525918445825,266.0,1275.3403614457832,318.8816396694829,110.0,1482.683734939759,333.96672859306835,134.0
94,212,641.5,366.5,1133.3396226415093,289.22843549913745,266.0,1338.245283018868,337.18486952051813,110.0,1700.0896226415093,372.3919691126176,134.0
95,252,694.5,366.5,800.6428571428571,192.82483698305376,266.0,1020.218253968254,258.1827466378826,110.0,1254.702380952381,280.3792300860232,134.0
96,192,62.5,371.5,401.25,73.57825196553438,237.171875,542.4270833333334,119.92281503666281,122.0,793.0572916666666,161.43616522928016,146.0
97,325,91.0,384.0,1148.446153846154,315.2939952152646,242.1169230769231,1820.273846153846,537.9925209095439,122.0,2108.6892307692306,496.2236018177184,146.0
98,223,661.5,378.5,1830.4708520179372,484.12558660540503,266.0,2497.3139013452915,696.2706772348334,110.0,2894.3497757847535,756.618344046222,134.0
99,116,1676.5,387.5,316.7931034482759,47.55235416681911,227.0,832.4655172413793,96.60258624987695,96.0,443.7931034482759,55.45205798374559,110.48275862068965
100,250,170.5,394.5,382.8,58.31165403231102,232.22,436.636,70.76846902989587,111.516,664.448,98.6770283281712,142.216
101,125,91.0,385.5,887.632,192.25778796256364,241.0,595.776,120.21015629895568,122.0,1344.96,204.02009704928582,146.0
102,88,46.5,392.5,488.97727272727275,60.23020536619058,233.82954545454547,637.9545454545455,66.51936181551001,121.0,771.1818181818181,62.01808142987355,149.6590909090909
103,177,124.5,394.5,704.276836158192,181.65632253573207,241.0,1682.3898305084747,419.7033862098257,122.0,1291.5762711864406,266.15664411483584,146.0
104,70,1004.0,378.5,2974.5142857142855,488.150865930711,246.0,3588.957142857143,508.2358358117937,100.0,4789.128571428571,690.4578594625318,122.0
105,307,23.5,398.5,1127.5179153094462,328.28140652119697,230.54071661237785,1955.1791530944624,538.1436233038057,117.0,2346.9185667752445,588.9356661275957,153.0
106,128,105.0,401.5,490.7578125,85.38691430971522,241.0,802.8515625,142.44192571804047,122.0,848.1015625,114.01649554946813,146.0
107,87,172.5,401.5,296.18390804597703,32.51959292618018,228.50574712643677,333.39080459770116,26.8390362708825,109.80459770114942,508.735632183908,40.98991928542832,134.183908045977
108,305,331.0,401.5,1280.4360655737705,359.6946301857585,237.0,1801.8262295081968,682.5507253902837,87.58360655737705,2253.6426229508197,721.2444792407098,122.0
109,344,1006.0,393.0,2686.1482558139537,572.6530183399533,246.0,2994.1627906976746,625.7011900682553,100.0,4343.456395348837,823.6996207043484,122.0
110,373,85.5,415.5,500.78016085790887,98.1848976242245,234.3941018766756,689.6193029490616,130.55983612577887,121.59517426273459,946.1903485254692,166.18798047041543,146.0
111,97,1030.5,414.0,909.0,129.78780759377975,246.0,1226.6082474226805,209.78737036486444,100.0,1572.020618556701,264.1364064969337,122.0
112,98,181.0,419.5,256.8469387755102,40.40653005325582,223.66326530612244,434.0612244897959,66.73116033241077,105.06122448979592,429.0612244897959,50.917927964282754,125.15306122448979
113,208,22.0,422.5,855.9134615384615,182.19754160179446,230.45192307692307,1174.1538461538462,274.90589586136304,117.0,1589.8365384615386,346.9115386713482,153.0
114,124,105.0,421.0,384.7741935483871,70.4659104238686,234.0,527.8467741935484,100.15654773678172,121.37096774193549,696.0403225806451,108.26566235618544,146.0
115,203,671.5,431.5,1013.7241379310345,202.44567235695624,248.03940886699507,2122.522167487685,506.5698795062743,102.29556650246306,1695.2610837438424,332.79478976073074,124.0
116,190,59.5,435.5,370.58947368421053,62.25055954561928,231.0,541.1947368421053,95.35141893986535,113.0578947368421,690.6368421052632,106.6644826687441,141.05263157894737
117,297,1030.5,435.5,861.5319865319865,185.4120497604677,243.05387205387206,1143.6026936026935,251.80589047757917,99.0,1493.4377104377104,342.40396709329553,122.0
118,230,670.0,431.5,877.7782608695652,188.97676310222744,245.0,1764.7739130434782,471.94059208824575,101.8391304347826,1442.6478260869565,338.7732587539664,124.0
119,331,1847.5,449.5,2157.0664652567975,599.6536488668155,222.0,2536.6978851963745,715.7764247781846,98.0,3622.8277945619334,991.052640843104,113.0
120,192,92.5,451.0,240.98958333333334,39.93528660290103,230.5,341.5,41.07571861435736,111.66145833333333,479.6666666666667,56.76878182485368,141.0
121,95,32.5,454.5,196.82105263157894,33.33612791570272,229.38947368421051,327.2421052631579,37.67800752215894,113.23157894736842,363.3578947368421,36.02597047564721,141.0842105263158
122,331,461.5,477.5,1045.7220543806648,265.79155896145505,240.0,1529.882175226586,414.6905907725108,92.0,1987.1389728096676,543.166411263622,116.0
123,259,648.5,482.5,398.0965250965251,106.48122058238943,242.8069498069498,430.81467181467184,108.9296961284304,98.46332046332046,623.0926640926641,138.82792561466877,123.89575289575289
124,128,846.0,493.0,4036.34375,671.5018827548489,251.0,6237.09375,1105.5602309293686,98.0,6903.3203125,1001.5518347516471,121.0
125,233,435.5,502.5,589.2618025751073,94.33279839818844,240.0,870.1244635193133,194.70290575907083,95.0,1012.6695278969958,172.46118445909732,119.12017167381974
126,317,1611.0,504.0,1604.7287066246056,511.9406508223981,233.5141955835962,1734.3817034700317,501.67116547771866,88.76340694006309,2435.3091482649843,660.446261920225,116.0
127,267,611.5,512.5,653.7715355805243,151.70168916331002,242.0,665.7977528089888,177.04492737924076,95.61797752808988,983.1011235955057,217.0907113480907,119.0
128,230,1342.5,514.5,1054.3,230.90276881468574,271.0,1306.1521739130435,210.4052408764254,103.0,1636.4695652173914,266.1330009203094,134.0
129,187,991.5,523.5,703.5026737967914,142.8339277160398,254.8288770053476,1040.8449197860962,265.1307904334776,94.0,1101.802139037433,228.55675842852884,121.0
130,424,1362.0,534.0,1359.1957547169811,308.7249104567774,271.0,1668.9858490566037,397.9822629162859,103.0,2355.2971698113206,579.1470588172333,134.0
131,355,158.0,535.5,1062.3830985915492,294.510020637513,239.0,1161.5154929577466,356.29578371593664,112.0,1657.0225352112675,430.5746121938347,136.0
132,368,186.5,541.5,955.8722826086956,213.93846041030557,239.0,1250.1684782608695,290.26599449389676,112.0,1609.4239130434783,328.93303638261006,136.0
133,169,1397.5,544.5,776.112426035503,156.97055501683627,270.75147928994085,920.0887573964498,185.00015554432088,102.64497041420118,1155.0295857988165,230.86182803417236,128.0
134,198,1833.5,544.5,2159.0858585858587,551.1495303215132,226.0,2994.020202020202,841.0645053311176,93.0,4007.868686868687,1029.4846835353121,113.0
135,233,961.5,551.5,1754.3004291845493,469.56696379876877,256.0,2103.815450643777,637.749988389873,94.0,2767.3733905579397,757.8321808216414,121.0
136,61,1365.5,557.0,1066.5409836065573,127.8141324698346,271.0,1718.2622950819673,294.35505214164647,103.0,1858.72131147541,250.1790113197308,134.0
137,166,943.5,562.5,728.6385542168674,135.6469640950363,256.0,944.3734939759037,189.07678163587067,94.0,1157.632530120482,204.97373940207254,121.0
138,211,1316.0,566.0,3057.857819905213,744.6518321451505,271.0,3690.7535545023698,775.5360701593816,103.0,4796.1611374407585,918.5003785190573,134.0
139,373,119.5,576.5,704.8042895442359,164.30625346524985,239.0,994.201072386059,243.4997290827303,111.53887399463807,1327.6461126005363,305.35119603773524,136.0
140,91,117.5,578.5,550.0879120879121,83.72861562501241,239.0,776.1098901098901,112.99571777033071,108.08791208791209,959.032967032967,142.3727853636714,136.0
141,237,121.0,595.5,596.5316455696203,151.86193289895294,238.67088607594937,786.5274261603375,213.96749586559022,107.28691983122363,1007.8481012658228,202.88554563008387,134.68354430379748
142,201,136.5,611.5,366.7960199004975,84.66163938927475,234.67164179104478,508.5621890547264,100.20158363610862,101.76616915422886,606.7611940298508,112.73053129728058,132.70149253731344
143,75,1409.5,617.0,1829.04,213.37496750264964,263.0,2887.7466666666664,352.69974571954344,96.0,3180.48,364.0502400731215,127.0
144,123,1379.0,625.0,4764.373983739837,544.7747676924176,265.0243902439024,5345.682926829269,705.4669575173177,96.0,8288.943089430893,904.8751412901132,127.0
145,150,1773.5,666.5,488.64,91.55181757897223,238.0,746.2733333333333,140.6395219098902,98.0,839.0066666666667,150.98830999092274,119.0
146,48,2045.5,670.0,364.7708333333333,64.50638747304559,211.70833333333334,776.6666666666666,126.04142063747163,94.0,667.8333333333334,74.34746868112443,110.0
147,207,1750.5,678.5,848.463768115942,200.16705981808744,238.0,1085.1304347826087,293.3252401284485,98.0,1389.9371980676328,285.28912419909335,119.0
148,221,1775.5,666.5,519.6018099547512,102.50341367433099,238.0,709.2714932126697,159.23818224178922,98.0,807.0452488687782,184.71358107660177,119.0
149,209,1752.5,677.0,876.3157894736842,166.0403559306315,238.0,888.4258373205741,229.37996589131367,98.0,1127.933014354067,211.80450735880163,119.0
150,141,71.5,680.5,805.2127659574468,185.0716775626845,250.0,1109.2695035460993,225.9375665795634,118.80141843971631,1485.4539007092199,306.4610316681461,155.98581560283688
151,165,1201.5,689.5,582.9575757575758,147.207682706256,255.0,409.7939393939394,90.68065764187072,98.0,689.060606060606,92.37197448556651,120.0
152,151,415.5,691.5,2195.6490066225165,519.8375412719566,258.0,2883.1456953642382,841.0660885435893,99.0,2597.6423841059604,566.126809638628,125.0
153,464,949.0,694.5,550.3469827586207,127.23734336252144,249.0,656.5581896551724,160.14893465732933,87.0,907.8577586206897,208.76962724852504,114.0
154,513,691.5,694.5,914.8089668615985,304.91254278491607,255.0,1247.7680311890838,455.10866962023346,96.31384015594541,1447.9863547758284,361.92153442295904,120.0
155,224,68.0,701.5,1349.017857142857,250.55024583636148,250.0,1904.5044642857142,342.0159700171864,119.0,2551.433035714286,343.03389859511225,156.0
156,204,15.0,705.5,532.0098039215686,91.60237429947576,249.8921568627451,869.0539215686274,141.8585364677854,119.0,1023.9803921568628,157.68856757134475,156.0
157,268,48.5,707.0,1612.7201492537313,318.07701709801404,250.0,2466.1716417910447,535.2337796637789,119.0,2962.2350746268658,502.31791636596165,156.0
158,178,1460.0,711.0,2185.7191011235955,339.1008879013122,247.0,2729.724719101124,245.01665470010266,94.0,3882.85393258427,381.8543234094407,124.0
159,561,445.5,719.5,447.9286987522282,89.03459548270003,258.3529411764706,492.6898395721925,65.59045052561217,102.60606060606061,730.8413547237077,108.9495040355394,126.53832442067736
160,267,31.0,721.5,946.7453183520599,196.71119895844492,250.0,1168.9513108614233,226.52167456785898,119.0,1481.6029962546816,297.159775240634,156.0
161,147,75.0,721.5,1596.7278911564626,305.8787824600147,250.0,1446.1020408163265,308.60989105798296,119.0,2253.3401360544217,391.47649025089515,156.0
162,261,1153.5,721.5,933.3908045977012,276.7300276854893,253.0,1078.6283524904215,342.36044293310545,98.0,1387.7011494252874,390.8087900045591,118.0
163,173,55.5,723.0,1675.2658959537573,349.4221123644319,250.0,2195.901734104046,610.5469304166236,119.0,2931.635838150289,658.9016056418911,156.0
164,229,1459.0,732.0,3277.1004366812226,476.99473446814375,251.0,4014.126637554585,365.8471263485661,94.0,5644.633187772925,573.2953954748698,124.0
165,221,422.5,737.0,796.8597285067873,169.3898495883454,273.78280542986425,697.9683257918552,189.69212829645528,112.62443438914028,1043.2398190045249,217.2661573612249,141.32579185520362
166,320,32.5,742.5,1279.74375,294.1383622317287,250.0,1892.29375,460.74792810424117,119.0,2173.615625,473.6862238091449,156.0
167,241,66.5,749.5,828.4605809128631,171.8947822011897,250.0,1037.402489626556,153.46264418562131,119.0,1374.734439834025,236.04202489660418,155.701244813278
168,261,401.5,761.5,1090.111111111111,391.24686176071344,276.0,1288.4521072796936,445.7305871839081,116.0,1705.6896551724137,491.36400365195715,144.94252873563218
169,248,424.5,763.5,1014.9677419354839,253.85505238062936,276.0,1510.766129032258,472.632323803592,116.0,1746.7217741935483,505.7679205757115,145.0
170,232,1270.0,765.0,3289.689655172414,701.7289460031947,262.0,4687.198275862069,608.8683878830043,101.0,5883.137931034483,859.9511301583568,128.36206896551724
171,519,1900.5,770.5,320.3179190751445,75.39679518798472,226.0,466.60308285163774,92.56009458815825,85.04238921001927,562.1329479768787,110.54571397203111,115.0
172,84,1907.5,777.5,272.5595238095238,37.05461654098483,226.0,325.60714285714283,37.4982787901033,85.0,404.9047619047619,47.09989871516469,115.0
173,388,440.5,795.5,1720.3376288659795,385.84509339861967,276.0,1934.2757731958764,517.4629809682308,116.0,2688.273195876289,635.3966980799045,145.0
174,201,841.5,799.0,1040.2935323383085,235.50460379355687,263.0,1206.3034825870648,244.7897514966894,97.0,1504.5621890547263,295.1686930607378,117.0
175,178,308.0,807.5,826.0,173.8343584588241,266.0,1307.5955056179776,347.60742254111176,108.0,1352.2808988764045,301.0893213102999,128.01123595505618
176,457,862.5,802.5,1335.8621444201312,625.2288989878837,262.6061269146608,1771.7286652078774,828.7725498433649,97.0,2148.00875273523,645.294115529699,117.0
177,210,350.5,802.5,1175.3809523809523,255.9852859464742,268.20952380952383,1883.3666666666666,534.7139053793727,112.1,1898.509523809524,410.039340398471,139.06666666666666
178,945,442.5,807.5,1239.6920634920634,304.20098415537325,276.0,595.5407407407407,263.2753252934066,116.0,1332.6931216931216,315.17007616901816,145.0
179,309,301.0,814.5,747.4142394822006,142.07519247236425,266.0,1079.0711974110031,314.1274579681561,108.0,1149.8058252427184,263.7246716435321,128.0
180,196,343.5,816.5,1120.188775510204,217.07316520669244,266.0,1796.719387755102,566.0576738140077,110.40816326530613,1799.9489795918366,431.10780072402696,139.0
181,371,1365.5,820.0,1302.345013477089,326.8002193186062,265.0134770889488,1404.7601078167115,409.8638457170069,101.78167115902966,1648.0916442048517,390.03395861891016,127.4366576819407
182,341,341.5,821.5,789.6129032258065,250.50354525626628,267.26686217008796,1039.8475073313782,254.78478848294253,112.0,1083.5513196480938,248.99677739413679,139.0
183,202,387.5,823.5,656.3762376237623,135.73722429534922,273.1089108910891,986.9158415841584,208.33186748905527,115.9950495049505,1029.6039603960396,203.52588937510816,144.46534653465346
184,152,151.0,832.5,4603.881578947368,828.489856810103,268.0,5350.809210526316,603.1199647127713,115.0,6908.4276315789475,794.7703871169725,143.0
185,206,32.5,830.5,354.5194174757282,81.36642270048277,235.0,894.3252427184466,195.46958104982585,112.0,535.004854368932,102.2739743531006,134.0
186,176,4.5,834.5,624.4886363636364,122.37268549739423,235.0,729.3977272727273,97.93187600399744,112.0,969.0568181818181,128.6551854891468,134.0
187,58,1305.5,836.0,956.7241379310345,129.40088574542273,280.0,1609.3620689655172,145.15940400498644,112.0,1552.4310344827586,159.1570020472411,141.0
188,136,315.5,837.5,467.68382352941177,95.57100925729264,266.0,649.9117647058823,144.88281193398947,108.0,740.6617647058823,153.96652933953783,128.0
189,439,514.5,841.5,673.2779043280182,131.77452459631346,253.20956719817767,512.489749430524,175.00256817340903,98.9749430523918,865.5193621867882,215.4600768485289,121.0
190,55,1289.5,843.0,941.4181818181818,98.74878169132973,280.0,1577.8363636363636,120.3949924571376,112.0,1659.5454545454545,129.32399997563084,141.0
191,165,1302.0,855.5,1635.6363636363637,232.24414432243952,289.8606060606061,2133.6484848484847,329.0209943271953,114.0,2604.327272727273,342.58752066098174,145.0
192,240,924.5,859.0,432.75416666666666,93.64873601189086,258.8333333333333,611.2625,134.5866515992686,97.0,637.9416666666667,144.5535788860266,116.45
193,340,1422.5,860.5,1123.3029411764705,289.71422088816144,253.0,1310.5323529411764,306.455888081107,90.0,1597.6617647058824,401.7063534523152,119.0
194,216,1301.0,871.5,2426.328703703704,507.6070704422496,290.0,2773.990740740741,632.2141158547156,114.0,3420.9583333333335,732.3103631816606,145.0
195,330,205.5,874.5,2686.6242424242423,589.7700376272599,266.6787878787879,2673.2272727272725,599.3761801514677,109.80606060606061,4002.9666666666667,868.7023873521281,137.0
196,705,380.5,880.0,905.8411347517731,238.35561252346827,270.0,949.9021276595745,225.58711356175823,110.0,1412.2524822695036,334.44549821426756,132.32482269503546
197,174,43.5,892.5,468.4310344827586,94.9838645382629,235.0,654.4942528735633,143.30801731951797,105.0,808.9885057471264,160.95222385611285,129.0
198,150,8.0,892.5,426.56,65.8927825482147,235.0,592.3533333333334,99.45516926491203,105.0,702.8466666666667,96.8868943192408,129.0
199,66,1321.0,894.0,3301.030303030303,398.623051928934,290.0,4250.212121212121,335.1140111457597,114.0,4855.409090909091,432.0240013728843,145.0
200,198,1292.0,899.0,3087.308080808081,732.4306734472899,290.0,3437.2626262626263,743.8803269542865,114.0,4088.979797979798,685.8133705938077,145.0
201,266,350.5,903.0,771.0526315789474,199.855355838165,270.0,720.9812030075188,217.8805705921622,110.0,1096.8308270676691,283.7669345771517,132.09774436090225
202,266,507.5,903.0,1998.3872180451128,468.71172746011683,257.0,2074.8909774436092,494.308901352203,99.0,2820.9624060150377,642.4307954038682,126.0
203,155,129.5,908.5,465.94193548387096,83.6808438031441,252.63225806451612,533.2903225806451,95.96278822502623,110.0,719.9225806451612,110.89503258954976,135.16774193548386
204,170,502.5,910.5,1303.4411764705883,235.35582920718787,257.0,1133.2117647058824,282.1274249066215,99.0,1523.0882352941176,248.25277817701647,126.0
205,124,1308.0,926.0,3131.8548387096776,575.1035070294172,290.0,4853.330645161291,599.2676794000857,114.0,4775.782258064516,680.9743445197084,145.0
206,151,1667.0,930.0,3847.3973509933776,620.1195807204733,254.0,4273.900662251655,646.7242560779351,101.0,6012.039735099338,593.6726694152223,126.0
207,232,407.0,931.5,1061.853448275862,279.26495214142324,270.0,1464.3060344827586,494.9879497923338,110.0,1687.1896551724137,430.09074676780926,133.0
208,259,377.0,934.5,1055.3127413127413,242.14848788680652,270.0,1538.092664092664,454.61064257375733,110.0,1692.3359073359072,418.7137732845959,133.0
209,304,947.5,933.0,594.1480263157895,130.89862475629147,274.0263157894737,569.9407894736842,135.62563664081418,99.0,716.2796052631579,139.51683756995158,125.0
210,163,986.0,979.0,1058.239263803681,191.3651681593069,283.0,1289.2269938650306,294.95084965342573,102.0,1529.723926380368,320.4686053525168,125.0
211,264,551.5,979.0,873.5454545454545,333.8221302671025,264.0,803.8295454545455,203.13221573771855,100.63636363636364,1047.5189393939395,205.74832262623593,120.36363636363636
212,408,87.5,987.5,1102.1299019607843,303.71670701638203,237.0,1792.7671568627452,517.500828804193,107.0,1917.7401960784314,562.785701314357,131.0
213,86,2.5,993.0,1129.6860465116279,309.3575605567089,235.0,1585.2441860465117,426.76525951687546,107.0,1985.6627906976744,432.2744664722691,134.0
214,270,964.5,993.0,2047.7481481481482,495.8228670775521,283.0,2160.274074074074,550.5542314603347,102.0,2871.766666666667,667.4578089780654,125.0
215,209,151.0,994.5,453.7607655502392,69.37662119649444,237.45454545454547,241.2200956937799,38.08340262844208,107.0,502.1387559808612,64.8007662613673,130.10526315789474
216,205,543.0,994.5,1084.2146341463415,363.1269868907039,264.0,764.7560975609756,217.5377114577262,102.0,1249.5658536585365,282.5837578504128,120.0
217,184,830.5,994.5,4366.652173913043,846.5354392703259,285.0,4116.826086956522,633.6043327371527,109.0,5768.271739130435,876.5819373951588,134.0
218,187,452.5,1005.5,222.6096256684492,35.22481580908343,254.0,297.0053475935829,39.34510904366767,98.0,327.2566844919786,45.50574105009389,125.0
219,206,1550.0,1014.0,4290.417475728155,960.0117633859766,285.0,4735.334951456311,890.0053929361126,112.0,6419.0291262135925,1172.2110436499245,145.0
220,200,560.5,1017.5,963.865,230.61052196115418,264.0,957.135,248.76435697564787,102.0,1332.55,308.39051712929887,121.57
221,273,940.5,1017.5,2571.5054945054944,700.7412363351979,283.0,2800.0805860805863,784.7547392879824,102.0,3254.7179487179487,781.957318119399,129.0
222,208,486.5,1024.5,364.63461538461536,89.80930497311924,255.37980769230768,164.18269230769232,38.43213842884686,100.34134615384616,390.75961538461536,84.53613070764733,125.0
223,92,1568.5,1029.5,2254.8695652173915,306.6653764765097,285.0,2817.771739130435,333.69905186338843,112.0,3409.586956521739,388.74077218612683,145.0
224,145,1587.0,1039.0,2913.2413793103447,474.4466115009686,285.0,3129.5310344827585,578.2041649122215,112.0,4372.365517241379,756.8070979614977,145.0
225,226,873.0,1040.5,1563.0088495575221,359.6774974106101,285.0,2391.783185840708,640.1931943687213,109.0,2416.8053097345132,572.5207863616181,134.0
226,229,107.0,1047.0,1197.3668122270742,255.28974927858596,243.1528384279476,1523.4454148471616,359.50204698734984,107.0,1731.7423580786026,400.3831049106891,130.0
227,244,458.5,1051.5,524.3811475409836,158.68919791884477,254.0,510.094262295082,178.9956988697127,99.90573770491804,723.4795081967213,200.47520599897953,125.0
228,347,767.0,1055.0,1254.5244956772335,312.61866436846395,281.0,1048.5561959654178,260.8682016913821,103.0,1570.7665706051873,354.6449176395586,120.12680115273776
229,433,793.5,1065.5,1847.9353348729792,636.3667708994851,281.0,1851.2494226327944,444.1590083307763,103.0,2483.3348729792147,612.4094990649214,120.94919168591224
230,618,121.0,1066.5,964.1310679611651,228.7047256025946,257.9482200647249,1855.8802588996764,420.7736240415665,107.0,1598.6844660194174,333.3905032653789,132.83656957928804
231,220,747.5,1067.5,421.8590909090909,72.33586780331926,281.0,403.3772727272727,75.47516711459147,103.0,593.1363636363636,98.83531593622895,121.0
232,170,726.5,1097.5,999.8176470588236,213.64882078225898,280.45882352941175,800.6823529411764,204.8226949659855,103.0,1282.2235294117647,293.08055222750363,126.0
233,204,4.5,1099.0,1544.2156862745098,406.45811537682994,220.2058823529412,2107.225490196078,550.8298514590318,100.0,2731.2598039215686,677.2903097612668,134.0
234,353,1701.0,1116.5,769.5127478753541,132.62374359608108,258.2691218130312,1033.614730878187,173.4741892266377,97.0,1426.9376770538245,254.4626056923195,120.33711048158641
235,107,468.5,1111.5,182.8785046728972,40.088748310955395,261.7570093457944,318.7943925233645,62.84823563932838,104.0,302.98130841121497,57.67671472018338,121.44859813084112
236,138,648.0,1114.0,5558.057971014493,593.8900555445305,271.0,5778.376811594203,567.0881598695319,101.0,7629.0,696.8204326284257,128.0
237,242,512.5,1118.5,632.4545454545455,143.3304223063136,257.02479338842977,751.5123966942149,144.6290212495162,103.0,868.6157024793389,172.67597627190267,121.0
238,228,1768.5,1129.0,467.7938596491228,150.18536727533674,261.0,546.1535087719299,174.33308575653788,96.97368421052632,777.3771929824561,203.24163221016394,127.0
239,168,1699.5,1116.5,1044.3095238095239,300.89312070633093,258.67857142857144,1530.1190476190477,467.4564350577838,97.0,1836.7380952380952,497.2804391756921,118.5952380952381
240,192,156.5,1129.0,851.75,169.21067138008917,266.234375,676.515625,127.17778200714362,114.984375,1053.1510416666667,162.5778044875691,142.63541666666666
241,267,1729.5,1129.0,1154.8389513108614,314.1494668142032,261.0,1490.5056179775281,375.9851757874619,97.0,1959.8576779026216,582.4660969570348,127.0
242,414,505.5,1123.5,875.4516908212561,257.537587626967,261.3478260869565,911.5652173913044,276.2254392974801,103.5,1311.0,394.8029820975564,121.0
243,293,1775.5,1134.5,519.160409556314,112.51638329337085,258.93174061433444,682.8225255972696,139.83876198634445,95.6382252559727,817.1467576791808,183.35504043842747,127.0
244,326,1725.5,1134.5,903.920245398773,262.21199835470986,261.0,1149.20245398773,318.24810175534776,97.0,1549.1503067484662,470.7348351574104,127.0
245,360,1766.5,1141.5,1034.486111111111,269.98705184343083,261.0,1804.8527777777779,558.9143953997071,97.0,1679.8,433.06606442434247,127.0
246,198,101.5,1145.0,674.3888888888889,142.98207362622284,246.33333333333334,1011.9191919191919,252.02750139064528,116.94949494949495,1183.1262626262626,275.40097065319617,134.97979797979798
247,241,350.5,1152.0,560.4813278008298,193.8821180293917,251.0,649.298755186722,208.85906820974756,102.0,946.6016597510373,316.6948041841445,122.0539419087137
248,378,1344.5,1152.0,1320.9232804232804,405.68290257375816,259.0,1553.436507936508,481.0379939890221,95.0,2102.2195767195767,640.1327878971163,121.0
249,204,68.0,1153.5,1000.7941176470588,231.21290119609074,242.98039215686273,1022.8186274509804,283.396711353517,117.0,1676.3431372549019,360.2514993175635,135.0
250,225,353.5,1151.5,1178.151111111111,279.8649296521563,251.0,1401.111111111111,414.7769205840731,102.0,1679.16,432.48776943895865,119.28888888888889
251,258,380.5,1159.0,479.57751937984494,88.95740574793285,251.0,421.50387596899225,101.54756789421248,102.0,628.8410852713179,131.01139767591434,123.78682170542636
252,307,1748.5,1160.5,1428.2410423452768,514.6108948334296,261.0,1962.6807817589577,668.8074322455145,97.0,2204.4951140065145,659.7658347288038,127.0
253,317,87.5,1164.5,1168.7160883280758,294.23336583307565,245.0,1312.6056782334385,392.5167000792112,117.0,1764.6498422712934,445.09856728200566,135.0
254,241,454.5,1173.5,1450.929460580913,327.9244183804014,264.0,1954.1659751037344,492.14489465754156,103.94190871369294,2257.697095435685,550.2734808255452,118.0
255,194,1720.5,1173.5,596.7783505154639,141.2786074303974,261.0,1190.5257731958764,299.00108627121745,97.0,933.8865979381443,211.59818095188905,127.0
256,73,73.5,1183.5,455.94520547945206,54.506597564718625,245.0,756.931506849315,81.46443136034608,117.0,767.9589041095891,84.90442966394697,135.0
257,136,108.5,1185.5,333.54411764705884,55.332646267094354,245.0,553.4485294117648,81.10987699392403,117.0,544.5588235294117,85.42467027702827,135.0
258,180,643.5,1187.5,574.1333333333333,108.89595259521867,267.3888888888889,814.6055555555556,168.67811722785268,97.0,841.3222222222222,173.8758516698534,125.0
259,282,1833.5,1187.5,537.0460992907801,127.11899881675886,242.82269503546098,389.00354609929076,102.27819498248432,90.06382978723404,652.2695035460993,137.93207774196432,118.0
260,240,433.5,1190.5,1265.6333333333334,347.9702515379289,264.0,2465.9166666666665,797.1686568747464,101.9375,2819.2833333333333,862.7686210363179,118.0
261,273,91.0,1198.0,820.1135531135532,184.58653597748466,245.0,984.8205128205128,206.89698172826368,117.0,1232.0586080586081,241.7993293417378,139.28571428571428
262,250,1787.5,1199.5,378.988,105.11659168461253,246.204,543.012,122.61021538054108,93.72,621.748,145.36307022328242,115.0
263,320,34.5,1201.5,1319.971875,327.2235474262263,245.0,1739.746875,436.00121687757945,117.0,2115.7875,454.04056945908894,137.515625
264,301,25.5,1205.0,1087.2392026578073,254.20618126112146,245.0,2010.4053156146178,462.3553847835195,114.33222591362126,1853.7873754152824,353.1208593481204,138.0
265,269,1817.5,1208.5,854.2639405204461,229.16856746566503,242.3271375464684,866.2342007434944,246.5814043580707,90.0,1297.3048327137546,341.95017422961257,115.02230483271376
266,315,89.5,1222.5,1087.4666666666667,263.089885586826,245.0,1558.025396825397,420.66343490681095,117.0,1820.6222222222223,428.49035115538203,140.0
267,469,99.0,1226.0,1205.1492537313434,215.012291202228,245.0,1366.1556503198294,255.72308924065385,117.0,1949.2110874200425,346.29097030694106,140.0
268,88,205.0,1232.5,5106.840909090909,556.2348980021712,264.0,6979.863636363636,529.287944617728,100.0,8555.863636363636,647.0452946858754,134.0
269,440,75.0,1250.5,1095.2613636363637,346.1632231932363,244.7409090909091,1951.8818181818183,588.9821532861795,115.05227272727272,1986.831818181818,621.6740526086734,140.0
270,284,108.5,1250.5,1165.8450704225352,258.9848569395964,245.0,1639.0774647887324,448.21427507480087,112.91197183098592,1718.0176056338028,368.60520652253257,140.0
271,192,675.5,1258.0,684.640625,148.35852645662874,268.0,671.0625,189.8314663118164,98.0,877.8697916666666,223.87818940220308,122.0
272,218,648.5,1258.0,757.0366972477065,121.61038691127395,268.0,624.6697247706422,158.82083085732066,98.0,1030.3715596330276,194.825585518616,122.0
273,139,1893.0,1272.0,3260.8129496402876,520.748716396107,233.0,4897.863309352518,558.7183729847349,89.0,5747.575539568345,703.2232001665076,103.0
274,326,648.5,1265.0,743.0981595092024,192.16546443021207,267.2147239263804,583.5184049079754,147.52415593147452,98.0,897.8343558282209,219.81671424666317,122.0
275,252,339.5,1280.5,385.2738095238095,74.38620302026672,246.0,367.67857142857144,72.92021957899652,105.0,545.218253968254,107.29088798935727,126.0
276,345,788.5,1279.0,2559.585507246377,638.822626434884,265.0,2665.5188405797103,639.4280650477777,94.0,3784.2521739130434,800.814746928324,119.0
277,43,881.5,1284.5,313.48837209302326,36.351047730379726,259.5813953488372,360.93023255813955,31.412308285915426,99.0,415.69767441860466,33.12065596581322,120.0
278,163,1879.5,1289.5,2735.8282208588957,605.4332556937235,233.0,4184.546012269939,828.5029798887973,89.0,4800.7177914110425,961.4394077015512,103.69938650306749
279,686,1282.5,1300.5,193.99271137026238,63.17138042232846,266.0,267.2040816326531,109.17600755501054,93.0,228.85422740524783,72.2980996685224,117.0
280,210,336.5,1302.0,534.4809523809524,93.56359104088847,246.0,644.7190476190476,134.99197962724278,105.0,716.1190476190476,124.7512361755117,126.0
281,200,472.5,1321.5,908.58,206.67118447539394,256.0,1211.14,348.11645426299975,100.595,1311.465,357.7038706393209,126.99
282,529,1275.5,1328.5,335.95085066162574,67.20359616377084,266.0,380.6275992438563,83.13298989911506,93.0,499.8166351606805,112.2643931314447,117.0
283,105,1326.5,1339.5,177.37142857142857,26.149076003258234,266.0,196.26666666666668,21.943225109475776,93.0,237.36190476190475,22.511588387353118,117.0
284,183,417.5,1341.0,1105.2513661202186,247.7516972714226,252.0,1309.2295081967213,353.82040797911014,101.0,1642.863387978142,352.9752939763482,127.0
285,278,391.0,1344.5,1536.0827338129495,478.4312930355583,251.0,1235.8021582733813,458.95016804248735,101.0,1774.0035971223022,479.4798738690686,127.0
286,242,1934.5,1367.5,601.4876033057851,157.8715332398784,228.0,731.0909090909091,215.28786094561735,89.0,881.1322314049587,149.15690822814273,114.0
287,57,27.5,1362.0,4627.859649122807,981.2123229999796,237.0,5291.9473684210525,815.770044214419,113.0,7356.8421052631575,1474.5241943162753,134.0
288,578,1877.5,1365.5,413.7439446366782,81.4964896353686,227.95847750865053,606.3961937716263,92.93116544312527,88.66089965397924,680.4619377162629,118.85243944310395,114.9515570934256
289,273,1937.5,1369.5,869.8571428571429,262.3563712704887,228.0,1355.6923076923076,407.43455877386964,89.0,1638.1868131868132,413.7437020692148,118.67032967032966
290,272,839.5,1381.5,345.4007352941176,71.08539949664464,260.0,480.75367647058823,107.65498561326872,96.0,456.3125,99.26591142777418,117.0
291,248,1715.5,1388.5,1281.4354838709678,357.9788459118955,242.0,2126.0524193548385,637.6476833575804,94.0,2236.5241935483873,648.0537722442443,116.74596774193549
292,58,38.0,1392.0,1992.2241379310344,256.76776612909975,236.93103448275863,2419.051724137931,377.07728382843595,113.0,3120.362068965517,450.6843022453534,134.0
293,333,189.5,1393.5,542.0990990990991,115.53786905570357,243.7117117117117,497.3063063063063,136.40302566995328,104.12012012012012,752.9459459459459,135.05332533416694,125.0
294,321,1939.5,1390.5,343.85981308411215,84.4292361164956,227.94392523364485,484.68224299065423,96.1626484917781,89.0,536.6292834890966,109.14243681903709,119.0
295,161,1605.5,1401.0,438.55900621118013,87.43789544017066,238.0,706.5403726708074,176.5797976053893,83.6086956521739,872.6335403726708,254.96592148366096,116.09316770186335
296,210,1936.0,1408.0,485.84761904761905,117.71535540705887,227.7,844.1333333333333,207.05984927122714,89.0,921.9,247.80155762569868,119.0
297,107,843.0,1416.5,199.99065420560748,28.797764367861017,260.0,399.8411214953271,51.26220968829387,96.0,191.3177570093458,26.811922907838422,117.0
298,267,101.5,1416.5,1871.5430711610486,426.2113398545466,242.67415730337078,2733.921348314607,765.187684845213,105.0,3238.7153558052432,825.6776582691441,125.56554307116104
299,125,645.5,1425.5,1301.904,169.30000209591674,302.0,1440.824,182.823423712785,114.0,1731.536,179.41178729212547,146.0
300,172,302.5,1429.5,646.5348837209302,102.76552516274471,280.0,942.0988372093024,166.00632905160484,109.93023255813954,944.9941860465116,140.50524941154015,147.74418604651163
301,184,587.0,1432.5,1345.2608695652175,318.3725648436772,282.04347826086956,1345.2119565217392,372.30114972394125,108.90760869565217,1725.5869565217392,339.1296366141284,129.5
302,106,285.5,1434.5,351.0566037735849,47.935041400525364,280.0,730.3679245283018,71.43046241881456,114.33962264150944,452.74528301886795,47.298054187451925,148.0
303,88,1925.5,1434.5,243.9659090909091,43.1984059049321,225.0,365.97727272727275,47.46443974969421,91.86363636363636,411.27272727272725,45.0439701586006,123.0
304,99,560.5,1445.0,1030.1818181818182,144.23014231346556,274.72727272727275,768.1515151515151,129.98943156699107,102.57575757575758,1261.7373737373737,177.47225053906232,123.0
305,64,597.5,1439.5,1121.140625,124.00574323457258,300.171875,1432.46875,140.27682028590402,113.625,1517.03125,115.35988804537418,142.71875
306,196,1706.5,1441.5,572.9030612244898,130.5526155482083,236.20408163265307,974.5969387755102,217.7451952210721,94.0,958.3061224489796,211.2388322965636,117.0
307,241,308.0,1448.5,755.2863070539419,155.35276047345278,290.0,878.1784232365145,172.7492803627175,115.80497925311204,1069.4979253112033,178.37299693996408,148.0
308,220,31.0,1448.5,807.9363636363636,196.51513133894792,238.72727272727272,1273.1545454545455,327.4473344349584,119.0909090909091,1506.85,351.7842066980719,141.0
309,263,553.5,1454.0,1009.1520912547528,204.42897492184093,264.50950570342206,1848.6539923954372,516.5329645684856,103.0,1350.2889733840304,269.92672201845653,123.0
310,140,588.5,1455.5,758.2428571428571,110.9726696166671,290.6714285714286,1461.3285714285714,270.30535471816216,110.9,1090.5928571428572,161.39049103368683,136.59285714285716
311,271,640.0,1465.0,3059.332103321033,605.6442914924659,302.0,3592.4059040590405,719.9519000151209,114.0,4213.1845018450185,871.1837982179404,146.0
312,382,274.5,1464.5,1276.4685863874345,382.4159939763437,287.62303664921467,1771.1989528795812,529.9433359487463,116.0,2257.2251308900522,678.582780214029,148.0
313,139,539.5,1466.5,945.3525179856115,171.7506139182477,262.0,1220.1151079136691,286.6762067624731,103.0,1365.2877697841727,300.37344497065766,123.0
314,183,23.5,1469.5,853.9453551912568,183.55517560680073,248.0,1349.6830601092897,369.2704689207598,121.0,1592.2732240437158,398.10562640286105,141.0
315,331,174.0,1469.5,372.18429003021146,86.55511045795248,244.0,449.5891238670695,104.11733068042972,107.0,622.012084592145,145.45902215485768,130.0
316,290,1070.5,1475.0,728.251724137931,144.59192816011048,271.0,682.3793103448276,104.13170851976804,100.0,1072.9862068965517,157.74832069174082,130.0
317,121,41.5,1476.5,308.702479338843,75.89605222804178,248.0,366.8347107438017,39.18404162994546,121.0,421.93388429752065,62.31903608812617,141.0
318,259,302.5,1475.0,1195.2432432432433,279.6415041369077,290.0,1455.3783783783783,418.434610114348,116.0,1779.6254826254826,467.21007123771255,148.0
319,156,6.5,1478.5,414.1794871794872,78.94199480790594,248.0,674.5128205128206,145.91453473687002,121.0,771.9102564102565,150.43915807137503,141.0
320,158,374.0,1477.0,3625.1518987341774,808.8831348374113,284.0,4149.2594936708865,952.0705172484625,120.0,5102.481012658228,1070.338941028388,148.0
321,365,518.5,1480.5,590.3671232876712,145.1125255448285,262.0,686.8876712328768,151.0708879028641,103.0,900.7917808219178,195.77514417084882,119.04109589041096
322,165,646.0,1478.5,2397.460606060606,356.050121454038,302.0,2000.7333333333333,287.859724758799,114.0,2761.090909090909,431.932523780947,146.0
323,188,331.0,1480.5,1309.723404255319,363.0177557642515,290.0,1212.1755319148936,331.7118878038753,119.96808510638297,1722.9308510638298,331.30408428266236,148.0
324,231,1092.0,1491.0,1815.6753246753246,387.6102179821026,271.0,1542.4632034632034,321.42498913452266,99.19913419913419,1999.3116883116884,302.72142135921905,130.0
325,328,1109.5,1494.5,964.7743902439024,209.28691589481804,271.0,995.530487804878,180.60342022765366,99.0,1288.689024390244,258.1971977126989,130.0
326,348,1897.0,1485.5,1656.287356321839,467.4066759919743,231.0,2462.137931034483,497.4490412530169,101.79597701149426,2871.7385057471265,688.5593346693486,124.0
327,83,22.0,1489.5,306.6144578313253,31.747030329834686,248.0,365.9277108433735,31.265106839277962,121.0,478.2048192771084,45.78336023111789,141.0
328,329,1476.5,1499.0,1801.6717325227964,546.0921718946455,253.0,2077.884498480243,559.4906372800998,96.62006079027356,2621.5258358662613,549.8779577191209,120.0
329,215,211.0,1494.5,313.5348837209302,63.02341533306034,256.0,277.50697674418603,47.70507817631015,115.0,412.12558139534883,62.69752373675655,135.0
330,177,678.5,1496.5,1020.2090395480226,212.99158734902818,286.9039548022599,1105.8079096045199,295.367043124915,110.03389830508475,1389.3728813559321,363.58689243605806,142.66666666666666
331,174,1065.5,1496.5,1023.0344827586207,145.89931980934378,271.0,939.4827586206897,134.18285014587698,100.0,1147.0977011494253,166.5831969244642,130.0
332,314,1485.5,1498.0,1931.4522292993631,649.544686397789,253.0,2076.8821656050955,883.0316690598967,97.0,2757.43949044586,978.2980483506896,120.0
333,194,1936.0,1498.0,1298.118556701031,378.95087158305074,231.0,1969.5824742268042,407.3109032658405,103.0,2632.082474226804,418.26328991588036,124.0
334,118,1042.5,1499.5,760.6101694915254,83.00551252400489,271.0,709.8305084745763,80.80178396574505,100.0,865.4406779661017,60.14193218025209,130.0
335,244,271.0,1508.5,368.84016393442624,83.29388613001365,282.66803278688525,443.78688524590166,88.72301463114182,116.0,543.8237704918033,99.14887634034004,148.0
336,532,1094.0,1501.0,1879.954887218045,562.6878877121432,271.0,2170.6015037593984,622.1410536359126,99.22744360902256,2546.503759398496,666.7429377168206,130.0
337,408,315.5,1501.5,1023.7156862745098,227.6199417582175,290.0,1860.4926470588234,415.2002091822873,118.82843137254902,1502.296568627451,313.0677922487069,148.0
338,259,1353.5,1506.5,1510.2934362934363,409.27305425748074,259.0,1646.7606177606178,525.2835747926101,101.0,2114.976833976834,592.1801915854805,117.0
339,200,8.0,1508.5,353.105,76.39519029691925,248.0,509.79,72.04288156313287,121.0,640.68,111.69919944108325,141.0
340,1033,290.5,1499.5,750.540174249758,187.69392705844476,290.0,962.7705711519845,218.64341395623407,116.0,1126.5227492739593,252.922004621764,148.0
341,270,13.5,1506.5,665.8296296296296,170.93741287038785,248.0,831.0777777777778,237.49716779110864,121.0,1134.625925925926,266.60526784382245,141.0
342,187,46.5,1510.5,409.2139037433155,76.5549013710172,248.0,402.6951871657754,82.82809071275692,119.38502673796792,638.7112299465241,111.03570108852848,141.0
343,125,377.0,1514.0,703.712,97.61443375556377,284.0,1273.176,189.3144705884722,120.0,965.72,154.0656332698461,148.0
344,172,251.5,1517.5,455.8488372093023,88.2326161917662,280.0,595.75,121.8637492932696,115.50581395348837,723.8837209302326,132.26695658257802,142.1918604651163
345,170,1970.5,1518.5,2720.3705882352942,423.85934401464795,231.0,2943.7823529411767,455.6154881690476,103.0,4275.229411764706,668.6141104670371,122.41176470588235
346,506,287.0,1512.5,673.7924901185771,164.5754045569206,283.7351778656126,862.1600790513834,217.80401779016455,115.9209486166008,1057.1501976284585,259.343331386435,146.60671936758894
347,200,1941.0,1523.0,2611.735,569.0603422667086,231.0,3885.9,733.7492074936009,103.0,4820.055,807.4025491393895,124.0
348,242,78.5,1528.0,767.7520661157025,199.99036412437835,227.03719008264463,883.202479338843,263.61945317713656,105.0,1150.8595041322315,261.7346635830167,137.12809917355372
349,313,1021.5,1526.5,1172.255591054313,288.22910643646935,271.0,1597.4920127795526,414.3211478524777,99.90095846645367,1659.2044728434505,417.2775966574736,128.63897763578274
350,258,31.0,1528.0,718.9108527131783,186.57593513225717,248.0,831.7131782945736,223.59822548589878,120.36434108527132,1113.6162790697674,262.6620308641812,141.0
351,228,205.5,1533.5,883.9342105263158,222.1340827490397,248.6315789473684,1427.2894736842106,481.3503898140842,107.96052631578948,1517.2149122807018,428.6061132383421,134.7017543859649
352,244,1328.5,1533.5,551.139344262295,117.84483175593533,259.0,784.5655737704918,146.23567357384226,101.0,893.3688524590164,190.41761342692143,117.0
353,205,1348.0,1533.5,1292.9024390243903,298.89973111183593,259.0,871.5512195121951,206.87315797645797,101.0,1545.409756097561,378.3939070914854,117.0
354,213,1937.0,1529.0,1278.6478873239437,279.95611677301986,231.0,2728.910798122066,310.96752018380573,103.0,2616.3802816901407,347.1268200989313,122.72300469483568
355,319,1047.5,1544.0,1563.3166144200627,420.8182543731429,271.0,2306.35736677116,562.0506458417763,99.30407523510972,2430.9937304075233,617.5200299439299,130.0
356,201,214.5,1551.0,884.2587064676617,202.72602875881137,245.7860696517413,1430.636815920398,511.6240342652123,106.0,1498.7014925373135,405.78875101185497,134.19900497512438
357,712,62.5,1554.5,429.3862359550562,90.4939778953261,227.61376404494382,605.9887640449438,112.58229626341871,105.86797752808988,821.4522471910112,165.28188586540372,137.0
358,169,232.5,1558.0,351.1183431952663,60.735258506160065,246.12426035502958,534.5976331360947,109.72884976411206,106.0,570.9408284023668,77.14370512093554,134.39644970414201
359,247,691.5,1568.0,3380.3765182186235,625.8510692726975,273.0,4545.4453441295545,684.4112329745406,106.0,5141.566801619433,793.8929210623428,126.0
360,89,1723.0,1567.0,3231.820224719101,505.2704847585411,245.0,4469.808988764045,656.4191405650068,101.0,5481.752808988764,757.2977119771866,125.0
361,168,1987.0,1568.5,361.5833333333333,55.875547838991125,209.4702380952381,634.9166666666666,69.62108021554407,95.96428571428571,629.8035714285714,89.33220372239269,116.11904761904762
362,210,212.5,1574.0,334.0857142857143,67.03996013029871,239.12857142857143,544.3761904761905,111.79285528420463,101.78571428571429,464.16190476190474,71.05549065579227,133.98095238095237
363,311,212.5,1575.5,613.1929260450161,142.36332919043733,240.0,589.2893890675241,156.30912254334592,101.61093247588424,827.4372990353697,209.8012002743365,134.0
364,83,747.5,1581.0,507.69879518072287,65.51982290614535,271.8433734939759,588.7590361445783,80.61737244864203,105.62650602409639,663.8915662650602,108.32178935909396,124.0
365,181,1641.0,1581.0,758.6353591160221,226.40028383499146,240.0,583.3149171270718,189.0704608476216,97.0,922.0662983425415,255.77634766442924,117.0
366,465,80.5,1582.5,291.3741935483871,62.618076228217106,227.0,313.4,80.21438945639412,105.0,450.8043010752688,84.19250303719316,137.0
367,235,94.5,1609.5,522.1574468085106,103.5760419792426,226.9744680851064,869.4170212765957,157.2862697415415,105.0468085106383,880.4340425531915,143.55751293440798,134.72340425531914
368,384,509.5,1609.5,803.9869791666666,188.87165945812072,255.39322916666666,1069.8984375,245.21305831097288,101.0,1232.890625,288.61153798776076,128.0
369,248,1489.5,1609.5,612.3185483870968,137.02474487185157,242.0,941.5604838709677,180.12235037390093,97.0,986.5040322580645,198.54978261888658,114.0
370,275,230.5,1609.5,1015.9563636363637,241.49497490928562,240.0,1161.5963636363635,258.5609685147459,101.0,1428.8145454545454,265.1426660579168,134.0
371,434,481.0,1609.5,1593.815668202765,377.04882113378187,255.20506912442397,1650.5852534562212,483.971959529823,101.0,2028.6566820276498,444.20390904115374,128.0
372,240,92.5,1607.5,501.425,118.00745756875278,223.575,881.8375,228.4137831402734,105.34583333333333,902.325,213.87067075111395,131.5875
373,186,207.5,1628.5,1462.8924731182797,388.28413843377115,240.0,1967.8440860215053,591.9962676950215,101.0,2449.44623655914,682.8925124647027,134.0
374,279,1476.5,1628.5,550.8243727598566,127.94814589092456,242.0,828.1397849462365,156.97071106065877,97.0,799.6917562724014,143.9912753531952,114.0
375,167,235.5,1628.5,771.3353293413173,165.95744884956486,240.0,950.8982035928144,232.4512291049805,101.0,1103.6047904191616,235.1514241208635,134.0
376,260,493.5,1632.5,762.876923076923,196.0760436907449,256.0,783.8346153846154,226.4581399390164,101.0,975.3192307692308,219.7606323618623,128.0
377,60,1750.5,1639.5,259.85,41.412282219699854,231.0,560.3,93.35848531151854,92.0,582.4833333333333,92.2910818297778,110.0
378,272,112.0,1649.5,781.0514705882352,217.783037024332,224.0,1280.9301470588234,373.5895377336433,107.0,1498.0514705882354,407.8429771615168,128.0
379,46,29.5,1653.5,332.5217391304348,37.40394461101353,209.0,549.3478260869565,42.33528467487154,108.0,593.8478260869565,44.76653878924618,144.34782608695653
380,473,1731.0,1664.0,1125.8837209302326,371.1436419716171,231.0,2157.887949260042,675.3257171783391,89.78435517970402,1974.1818181818182,479.7279162731433,110.0
381,252,48.5,1676.5,1249.3333333333333,305.1224429295275,223.74603174603175,2076.6468253968255,534.8969054611864,108.0,2253.9523809523807,420.3482308438936,146.1984126984127
382,506,1584.5,1671.0,477.67391304347825,102.30566891614828,232.86561264822134,594.8814229249011,116.55277039981617,94.35573122529644,777.3754940711462,165.38719440010328,118.0
383,45,211.0,1676.5,553.3111111111111,54.97264700914374,236.11111111111111,486.68888888888887,49.86245728466105,103.0,699.6444444444444,70.56433413931751,128.44444444444446
384,207,113.5,1687.0,755.6811594202899,195.04673271880333,224.0,1155.9371980676328,353.32510802248595,107.0,1466.9661835748793,406.81837246034803,131.0
385,269,52.0,1687.0,1262.9628252788104,272.47706755656867,237.0,2128.118959107807,517.0603265754542,108.0,2407.1449814126395,419.6898612645145,148.0
386,164,115.5,1687.0,563.5548780487804,110.48516837135365,224.0,808.7256097560976,207.17463444173765,107.0,1027.8292682926829,234.00777633128018,131.0
387,124,131.5,1697.5,596.8709677419355,113.94699721653764,224.0,907.3145161290323,193.79774751539395,107.0,1096.741935483871,209.4270880736007,131.0
388,284,211.0,1704.5,1792.3732394366198,475.52858607217405,226.0,2475.2464788732395,743.9944971738805,103.0,3090.3485915492956,882.1728084226303,126.35915492957747
389,208,108.5,1708.5,309.74038461538464,50.18323818786945,224.77884615384616,531.8701923076923,93.11199155824939,107.0,512.7355769230769,85.78611918647542,137.01923076923077
390,317,1810.5,1708.5,788.2492113564668,347.682705417638,220.198738170347,900.0189274447949,291.7941764545174,97.0,1349.5141955835961,413.64224737910325,116.0
391,404,15.0,1713.5,1320.5569306930693,366.668881569123,254.93069306930693,1980.549504950495,471.083071836034,120.15841584158416,2412.5371287128714,539.5510872839138,175.06683168316832
392,143,64.5,1724.0,807.5034965034965,97.09998289304282,237.0,1022.5664335664336,90.07645887147639,109.55944055944056,1360.2377622377621,146.71506149062074,148.0
393,258,1792.5,1727.5,1514.2131782945737,523.1828856242266,219.03875968992247,2062.031007751938,726.7286482709055,97.0,2472.1162790697676,894.7134239186246,116.0
394,282,1837.0,1729.5,768.5567375886525,259.6299556122916,218.0,992.5957446808511,364.45174499544714,94.96808510638297,1401.2943262411347,416.4331877942962,116.0
395,679,62.5,1725.5,618.9631811487482,159.83100440717473,235.42562592047128,1096.6877761413843,363.59931228565983,107.1060382916053,1128.0648011782032,311.5690786645308,146.90427098674522
396,479,34.5,1745.5,1482.4655532359081,457.1119800493766,255.0,2404.563674321503,767.4453762033668,121.0,2962.98121085595,705.756294584026,180.0
397,244,193.5,1752.5,961.3401639344262,249.65210993177817,218.0,1552.5860655737704,441.6225283913971,104.5860655737705,1700.4098360655737,455.74799465863146,127.35245901639344
398,474,288.5,1752.5,458.65822784810126,107.67770240865639,224.0,610.9261603375527,131.11520695940678,101.0,755.9683544303797,150.91431368384107,122.87341772151899
399,147,195.0,1761.0,373.8979591836735,76.81910210267584,218.0,622.6530612244898,120.64652621816313,106.0,624.9455782312925,125.40339196614804,128.0
400,263,299.5,1754.0,625.3802281368821,163.59526926737624,224.0,594.6425855513309,162.21033375843297,101.0,908.3726235741445,216.32296221274157,121.33460076045627
401,230,9.5,1778.5,693.2391304347826,94.3070301163788,255.0,899.0652173913044,368.2442943983509,121.0,1103.3130434782609,153.48190882209855,180.0
402,98,1226.5,1785.0,2845.265306122449,427.0209089986932,276.0,4528.234693877551,490.6580223194149,107.0,4352.438775510204,511.68859461825207,129.0
403,170,196.5,1789.5,401.27647058823527,88.93225950333742,218.0,653.5058823529412,163.00267711377708,106.0,695.364705882353,172.07338788424065,128.0
404,147,1246.0,1795.0,3239.904761904762,356.06197192887845,275.48979591836735,4294.4625850340135,475.8203337698887,107.0,4909.836734693878,676.5651163956888,129.0
405,139,161.5,1803.5,998.4748201438849,211.00791011120023,218.0,1788.9424460431655,426.9193449567745,106.0,1831.9496402877699,340.64026083332305,128.0
406,268,622.5,1800.0,637.8917910447761,147.41693353177314,245.0,881.9365671641791,189.28087764709136,101.0,895.7462686567164,179.67837210347616,114.56716417910448
407,384,1289.5,1800.0,1234.3723958333333,240.8961280514319,257.0,1764.2890625,323.4250649247413,102.171875,2089.5338541666665,426.64907697337713,124.0
408,125,191.5,1808.5,234.384,37.67813261587359,218.0,364.056,46.40656655425865,106.0,400.808,46.78342276021806,128.0
409,176,163.5,1808.5,965.3352272727273,162.3311117366672,218.0,1671.7613636363637,402.1389239502241,106.0,1611.7613636363637,291.2919985882869,128.0
410,71,1149.5,1812.5,4380.366197183099,1134.9667111472809,276.0,5969.929577464789,1545.4213509954739,101.0,6694.5352112676055,1438.2021001532812,129.0
411,248,979.0,1811.5,2586.7056451612902,643.9843508801508,250.0,3374.608870967742,859.7545715620222,102.0,4093.1491935483873,1013.677410535978,127.0
412,256,25.5,1815.5,1006.95703125,272.2369680515435,201.33984375,1127.76953125,369.912132663345,105.125,1699.578125,540.9883781053877,133.98046875
413,267,1309.5,1817.5,900.4082397003746,192.773275433411,257.0,1403.5880149812733,346.46416278804486,102.0,1294.7977528089887,271.8354978468928,123.77902621722846
414,146,161.5,1823.0,1149.2123287671234,244.64322252969092,218.0,1572.6301369863013,415.6019981648328,106.0,2035.6027397260275,515.5024663568818,128.0
415,226,354.0,1845.5,1085.2477876106195,339.3686826636503,225.0,1278.353982300885,387.00338029770296,95.92035398230088,1634.2522123893805,520.3862011318295,123.0
416,280,1063.5,1845.5,1714.7285714285715,579.2345256801319,248.0,2072.1035714285713,646.3827998961112,94.03571428571429,2371.1892857142857,637.0138077645111,120.0
417,267,1409.5,1849.5,718.8239700374531,216.29403134322936,232.0,1008.0786516853933,337.6968506865123,94.0,1141.0337078651685,318.17506351057665,118.0
418,230,218.0,1858.5,859.8913043478261,169.5043414137718,227.58260869565217,1173.4782608695652,191.40025725508198,110.0,1335.9608695652173,224.45649686774524,138.7913043478261
419,119,1803.5,1863.5,251.2689075630252,38.13128469544767,204.0,423.453781512605,48.96604633014695,90.0,467.89915966386553,63.87957353131037,109.0
420,170,652.5,1865.5,303.3058823529412,48.28723808257086,241.0,379.7823529411765,58.00076244442869,101.0,483.7,72.94018380975717,115.0
421,401,1777.0,1867.0,1186.1047381546134,379.6960810997317,204.0,1688.9551122194514,586.805890376068,90.25935162094763,2330.728179551122,853.2942449289858,109.0
422,386,82.0,1874.0,546.4326424870467,127.49841607067752,196.0,920.3290155440415,200.28929217137096,97.34715025906736,1223.7124352331607,282.46212976973413,128.0
423,111,841.5,1872.5,460.27027027027026,71.17761981587725,235.0,300.3693693693694,47.073236543598746,92.18018018018019,518.7567567567568,81.22104700543133,119.0
424,446,83.5,1868.5,538.6345291479821,119.67828999945462,198.28699551569505,798.719730941704,198.9022455760827,101.19955156950672,1104.3744394618834,267.2251185319303,130.5067264573991
425,150,1010.5,1881.5,277.94,42.463443417198725,245.0,382.00666666666666,53.77675662005569,95.14,402.3666666666667,62.901480084875644,119.66
426,203,345.5,1884.5,497.3152709359606,98.43211015821258,221.7192118226601,526.3349753694581,125.01511238695568,103.0,702.5467980295566,139.86889733842514,123.0
427,232,276.5,1893.5,984.4224137931035,185.33814426759355,228.0,1548.5258620689656,310.70107740627174,110.0,1637.6939655172414,267.0405815062938,139.0
428,190,987.5,1893.5,543.5473684210526,107.44012910567679,242.93684210526317,824.921052631579,185.21992955879355,97.07368421052631,864.3473684210526,204.03458408067652,120.0
429,94,133.5,1898.5,379.0,55.42329776803139,202.0,318.1489361702128,50.5407229496715,108.0,543.063829787234,76.02020225417985,136.5744680851064
430,262,197.0,1901.0,2567.358778625954,551.2145359607649,225.26717557251908,4263.599236641221,651.4888369525185,109.78625954198473,4880.072519083969,742.4555448645688,138.18320610687022
431,70,255.0,1900.5,921.9285714285714,137.94152525339842,228.0,1472.6,120.84909742247183,110.0,1650.4285714285713,147.47483906534686,139.0
432,218,1997.5,1911.5,700.3623853211009,197.29512352705495,175.0,1167.1284403669724,402.6963636627893,96.0,1568.4587155963302,518.0459836200708,113.0
433,210,101.5,1918.5,371.9952380952381,73.05431535213938,202.1952380952381,452.5952380952381,82.69192827077629,108.0,675.0190476190476,118.7818136445016,135.5
434,294,251.5,1916.5,1734.0850340136055,428.4013973479282,228.0,2866.3707482993195,663.1503378638924,108.77551020408163,3465.9557823129253,881.0513662571077,139.0
435,244,31.0,1921.5,870.094262295082,249.52624108001024,187.0,1817.327868852459,526.0618959752603,109.0,2040.5040983606557,578.9715978303643,132.0
436,280,984.5,1927.0,519.0392857142857,101.13057260954201,236.0,312.19642857142856,63.54492657397896,95.93571428571428,670.7214285714285,146.2919243763538,120.0
437,293,1455.5,1928.5,1081.5255972696245,323.4649578637901,216.12286689419795,1728.7815699658704,394.4189588985582,93.0,1863.457337883959,355.95663463714783,123.0
438,170,1999.5,1932.5,437.63529411764705,91.22977649723506,175.0,533.135294117647,124.45155156840276,96.0,758.4,206.62224056441264,113.0
439,61,405.5,1934.5,599.0655737704918,72.33161338641605,223.0,840.327868852459,100.76668121812816,98.40983606557377,966.0655737704918,132.291706574582,133.0
440,235,347.0,1943.0,1440.5787234042552,387.1648056381923,219.0,2026.931914893617,571.2314217766298,103.0,2619.506382978723,659.4102219188366,126.0
441,303,122.5,1944.5,810.5478547854785,203.5215224971427,203.0,1024.5874587458745,266.06958603043694,108.0,1523.1617161716172,384.7885592772834,136.85808580858085
442,270,465.5,1944.5,1016.4111111111112,256.4255536410113,223.0,1490.9185185185186,318.3981060416072,108.0,1869.2703703703703,411.60738169436405,133.0
443,205,1452.5,1946.5,1618.6048780487804,347.46964174855935,216.0,2227.2195121951218,398.1794422680042,95.20487804878049,2695.190243902439,542.5942205181015,123.44390243902438
444,65,1434.5,1951.5,1482.753846153846,127.83583598325811,222.0,2503.353846153846,147.39333333478285,97.0,2536.6,156.36693624292815,124.0
445,142,156.5,1953.5,650.6478873239437,103.86858836042403,204.83098591549296,632.3732394366198,92.87325376344326,108.0,878.5845070422536,132.14693321014863,137.0
446,121,209.5,1951.5,525.801652892562,69.10567027322611,208.2479338842975,856.6611570247934,75.02328013345904,107.75206611570248,944.2561983471074,75.5468429657631,137.0
447,283,98.0,1955.5,607.7455830388693,137.0252821572699,203.0,820.86925795053,213.63530403374173,103.32155477031802,1156.2049469964663,275.9314214386296,131.6007067137809
448,207,680.5,1957.0,649.7536231884058,164.64569837712233,221.0,957.9565217391304,284.17542620315714,91.0,959.3671497584542,233.2808018415921,112.0
449,256,13.5,1974.5,898.734375,220.49777854467666,187.0,1696.3984375,413.5014871081919,109.0,1875.484375,411.40175458603767,131.7734375
450,222,514.5,1973.0,819.6576576576576,163.48738977457285,223.0,1308.8918918918919,228.217243940283,105.18468468468468,1403.2657657657658,217.27301381699812,126.87837837837837
451,213,18.5,1976.5,562.0469483568075,155.29277781680202,186.04694835680752,880.8262910798122,179.77323993321323,109.0,1180.924882629108,245.14647910495643,130.42253521126761
452,281,1070.5,1978.5,686.8185053380782,172.12011735757844,223.50533807829183,950.6761565836299,204.24655557726166,89.0,1162.1459074733095,279.1044288548746,114.0
453,173,431.5,1980.0,1725.9479768786127,390.98300780742255,223.0,2485.35838150289,442.3078598770243,108.0,3108.421965317919,497.0861501566005,133.0
454,94,1392.0,1980.0,3965.0851063829787,780.7526236559744,222.0,7034.86170212766,715.1983798943638,97.0,6796.553191489362,980.3693468688356,124.0
455,170,297.5,1983.5,460.83529411764704,93.99255252617813,199.04117647058823,891.2470588235294,216.00385739939148,100.0,906.2588235294118,195.59989066811104,123.96470588235294
456,275,182.5,1985.5,1738.330909090909,439.5290233446583,205.0,2797.3018181818184,667.1515656078699,102.10181818181819,3401.64,732.8963673367972,137.0
457,252,558.5,1983.5,949.8492063492064,184.49619426042034,223.0,1013.6230158730159,175.80550175759242,103.0,1497.1825396825398,269.5226531674414,120.0
458,355,579.0,1987.0,1071.5014084507043,275.8302656526075,217.65633802816902,1558.2535211267605,629.7289776268758,101.56338028169014,1571.1774647887323,613.8713952337331,120.0
459,297,929.5,1980.0,441.64983164983164,103.49408493496435,232.02693602693603,570.6296296296297,130.33332085282152,96.0,752.1784511784512,177.74738700789285,114.0
460,208,1621.5,1988.5,1041.451923076923,269.0837873859461,212.79326923076923,1311.951923076923,307.63113553709,109.51923076923077,1813.1826923076924,356.77357911165006,128.22596153846155
461,449,400.0,1997.0,2608.977728285078,532.7324940503901,223.0,3405.086859688196,480.9100877792427,98.73719376391982,4685.757238307349,701.8215339306593,133.0
462,266,523.5,1996.0,1809.7593984962407,434.1985138616172,223.0,2444.2706766917295,605.9065514575351,103.4812030075188,3462.003759398496,918.323158058928,125.0
463,343,27.5,2008.5,315.6413994169096,48.84600734065809,187.96501457725947,565.0,72.69518995968603,104.1399416909621,757.7580174927114,100.76843518960249,124.00583090379008
464,436,129.5,1999.5,1242.532110091743,397.1913478194909,203.0,1805.2775229357799,478.79160494403436,98.0,2577.451834862385,669.8191349437957,130.0
465,192,288.5,2006.5,526.4947916666666,118.3518579338582,198.63541666666666,945.34375,211.90026934672497,101.17708333333333,1016.125,237.6847641739345,125.60416666666667
466,91,1591.5,2004.5,1298.8791208791208,329.84777078608806,228.82417582417582,1768.1868131868132,277.56268209332893,115.0,2403.912087912088,324.8147043863502,135.17582417582418
467,54,25.5,2006.5,259.8333333333333,32.06817619585345,189.0,537.925925925926,47.82982879659294,103.0,634.3333333333334,53.702183645564055,124.0
468,99,287.0,2006.5,313.8787878787879,51.82137151267364,197.02020202020202,622.969696969697,71.90731769202867,102.44444444444444,614.939393939394,87.58434048155031,126.0
469,201,1630.5,2008.5,1289.4875621890546,319.66163531854636,221.71144278606965,1589.3930348258707,426.3641867596807,113.13930348258707,2136.9950248756218,545.1371616163445,131.6417910447761
470,249,108.5,2010.0,848.1606425702811,226.96109136399087,203.0,1003.574297188755,282.442364057025,88.36144578313252,1663.1887550200804,404.9110422439788,130.0
471,194,1412.5,2015.5,2416.1958762886597,619.0724406903327,220.46907216494844,3183.8505154639174,815.5588270238516,96.54123711340206,3924.8505154639174,896.8258669160259,124.0
472,213,836.0,2018.5,263.17840375586854,56.36409688972851,225.0,342.90610328638496,45.656227853596015,99.0,458.24413145539904,65.80048836933526,122.0
473,239,1621.5,2033.0,1109.8451882845188,269.4420883192574,229.0,2682.73640167364,531.5325013316412,115.0,2275.0041841004186,502.9385205416312,136.0
474,176,276.5,2034.5,747.3409090909091,162.87112425744206,197.0,1091.971590909091,275.7393475000262,103.0,1441.3125,304.19514237222313,126.0
475,382,850.0,2040.0,953.2277486910995,229.74255354152228,225.0,1057.107329842932,241.05958466363847,99.0,1539.4712041884816,273.83282820691073,122.0
476,159,52.0,2043.5,1408.1698113207547,362.6469184169446,189.0,2433.2201257861634,723.42787772931,103.0,3391.6792452830186,824.6115028560205,124.0
477,150,1563.5,2043.5,3964.0666666666666,607.448450229977,229.0,5740.2266666666665,609.4436691453097,115.0,7652.7266666666665,746.4132210776772,136.0
478,125,22.0,2045.5,747.88,163.43192328424436,189.0,1287.968,312.7756058469128,103.0,1987.448,338.76627340985397,123.136
